ROLLBACK;
BEGIN TRANSACTION;
CREATE TABLE android_metadata (locale TEXT);
INSERT INTO android_metadata VALUES('en');
CREATE TABLE summary(
    id SERIAL PRIMARY KEY,
    STARTTIME_MS DOUBLE PRECISION,
    STARTTIME TEXT,
    PLAY_ID INTEGER,
    LOCATION_ID INTEGER,
    NO_OF_GAME INTEGER,
    TOTAL_SCORE INTEGER,
    BALL INTEGER,
    STRIKE INTEGER,
    NOTE TEXT,
    MAX_SCORE INTEGER,
    OPEN_FRAME INTEGER,
    SPARE INTEGER,
    SPARE_FRAME INTEGER,
    MIN_SCORE INTEGER,
    BALL_NAME TEXT,
    LANE TEXT,
    USER_ID INTEGER DEFAULT 1,
    SCORE_ONLY INTEGER DEFAULT 0,
    ACTIVITY_ID INTEGER DEFAULT 1,
    INPUT_METHOD INTEGER DEFAULT 1,
    OIL_ID INTEGER DEFAULT -1,
    BALL_ID INTEGER DEFAULT -1,
    CFS INTEGER DEFAULT 0,
    PIN_TOTAL INTEGER,
    HANDICAP_EN INTEGER DEFAULT 0,
    AUTO_CAL INTEGER DEFAULT 0,
    BASIS_SCORE INTEGER DEFAULT 210,
    FACTOR_PERCENT INTEGER DEFAULT 90,
    HANDICAP_AVG INTEGER DEFAULT 0,
    HCP_SCORE INTEGER DEFAULT 0,
    NO_TAP INTEGER DEFAULT 10,
    shoe_id INTEGER DEFAULT -1,
    SERIES_ACHIEVEMENT INTEGER DEFAULT 0,
    GAME_ACHIEVEMENT INTEGER DEFAULT 0
);
INSERT INTO summary VALUES(1,1729525439.0,'20241021104359',-1,-1,1,233,15,9,'',233,2,1,3,233,'','',1,0,2,1,-1,-1,0,233,0,1,210,90,0,0,10,-1,0,515);
INSERT INTO summary VALUES(2,1729525718.0,'20241021104838',-1,-1,1,178,18,6,'',178,3,3,6,178,'','',1,0,3,1,-1,-1,0,178,0,1,210,90,233,-20,10,-1,0,256);
INSERT INTO summary VALUES(3,1729525917.0,'20241021105157',-1,-1,1,215,15,5,'',215,1,4,5,215,'','',1,0,4,2,-1,-1,1,215,0,1,210,90,205,4,10,-1,0,259);
INSERT INTO summary VALUES(4,1729526305.0,'20241021105825',-1,-1,1,198,17,3,'',198,1,6,7,198,'','',1,0,3,2,-1,-1,1,198,0,1,210,90,208,1,10,-1,0,272);
INSERT INTO summary VALUES(14,1729527913.0,'20241021112513',NULL,1,1,263,13,7,'',263,0,3,3,263,'','23 24',1,0,5,2,-1,-1,1,263,0,1,210,90,206,3,10,-1,0,530);
INSERT INTO summary VALUES(15,1729527913.0,'20241021112513',NULL,1,1,300,10,10,'',300,0,0,0,300,'','23 24',2,0,5,2,-1,-1,1,300,0,1,210,90,0,0,10,-1,0,769);
INSERT INTO summary VALUES(16,1729527913.0,'20241021112513',NULL,1,1,229,13,7,'',229,2,1,3,229,'','23 24',4,0,5,2,-1,-1,1,229,0,1,210,90,0,0,10,-1,0,515);
INSERT INTO summary VALUES(17,1729527913.0,'20241021112513',NULL,1,1,279,11,9,'',279,1,0,1,279,'','23 24',5,0,5,2,-1,-1,1,279,0,1,210,90,0,0,10,-1,0,770);
INSERT INTO summary VALUES(18,1729527913.0,'20241021112513',NULL,1,1,242,14,6,'',242,0,4,4,242,'','23 24',3,0,5,2,-1,-1,1,242,0,1,210,90,0,0,10,-1,0,259);
INSERT INTO summary VALUES(19,1729528130.0,'20241021112850',NULL,1,2,509,26,14,'',267,2,4,6,242,'','23 24',1,0,5,2,-1,-1,1,509,0,1,210,90,217,-6,10,-1,0,530);
INSERT INTO summary VALUES(20,1729528130.0,'20241021112850',NULL,1,2,389,29,11,'',262,6,3,9,127,'','23 24',2,0,5,2,-1,-1,1,389,0,1,210,90,300,-81,10,-1,0,514);
INSERT INTO summary VALUES(21,1729528130.0,'20241021112850',NULL,1,2,504,26,14,'',300,2,4,6,204,'','23 24',4,0,5,2,-1,-1,1,504,0,1,210,90,229,-17,10,-1,0,769);
INSERT INTO summary VALUES(22,1729528130.0,'20241021112850',NULL,1,2,600,20,20,'',300,0,0,0,300,'','23 24',5,0,5,2,-1,-1,1,600,0,1,210,90,279,-62,10,-1,0,769);
INSERT INTO summary VALUES(23,1729528130.0,'20241021112850',NULL,1,2,570,21,19,'',300,1,0,1,270,'','23 24',3,0,5,2,-1,-1,1,570,0,1,210,90,242,-28,10,-1,0,769);
INSERT INTO summary VALUES(24,1729534870.0,'20241021132110',-1,1,2,554,24,16,'',300,0,4,4,254,'','23 24',1,0,2,2,-1,-1,1,554,0,1,210,90,228,-16,10,-1,0,769);
CREATE TABLE game(
    id SERIAL PRIMARY KEY,
    SUMMARY_ID INTEGER,
    STARTTIME_MS DOUBLE PRECISION,
    STARTTIME TEXT,
    SCORE_STR TEXT,
    SCORE INTEGER,
    BALL INTEGER,
    STRIKE INTEGER,
    OPEN_FRAME INTEGER,
    SPARE INTEGER,
    SPARE_FRAME INTEGER,
    USER_ID INTEGER DEFAULT 1,
    FIRST_BALL_TOTAL INTEGER DEFAULT 0,
    SPLIT_STR TEXT DEFAULT '---------------------',
    FRAME_PLAY INTEGER DEFAULT 10,
    CLEAN_GAME INTEGER DEFAULT 0,
    GAME_NOTE TEXT DEFAULT '',
    ANNOTATE TEXT DEFAULT '---------------------',
    FOUL INTEGER DEFAULT 0,
    NON_SPLIT_SPARE_CNT INTEGER DEFAULT 0,
    NON_SPLIT_SPARE_FRAME_CNT INTEGER DEFAULT 0,
    CFS INTEGER DEFAULT 0,
    PIN_TOTAL INTEGER DEFAULT 0,
    ACHIEVEMENT INTEGER DEFAULT 0
);
INSERT INTO game VALUES(1,1,1729525473.0,'20241021104433','9/XX8036XXXXXXX',233,15,9,2,1,3,1,90,'---------------------',12,0,'','---------------------',0,1,3,0,233,515);
INSERT INTO game VALUES(2,2,1729525739.0,'20241021104859','XXX8/7/9003029/XXX',178,18,6,3,3,6,1,73,'---------------------',12,0,'','-----------FF-F------',3,3,6,0,178,256);
INSERT INTO game VALUES(3,3,1729526027.0,'20241021105347','X8/9/XXX0/X0/80?',215,15,5,1,4,5,1,75,'---------------------',10,0,'','------------F---F----',2,4,5,1,215,259);
INSERT INTO game VALUES(4,4,1729526365.0,'20241021105925','3/8/808/9/7/5/XXX??',198,17,3,1,6,7,1,78,'S---------S-S--------',11,0,'','---------------------',0,3,4,1,198,272);
INSERT INTO game VALUES(5,14,1729527925.724999905,'20241021112525','9/9/5/XXXXXXX??',263,13,7,0,3,3,1,93,'----S----------------',11,1,'','---------------------',0,2,2,1,263,530);
INSERT INTO game VALUES(6,15,1729527925.724999905,'20241021112525','XXXXXXXXXX??',300,10,10,0,0,0,2,100,'---------------------',11,1,'','---------------------',0,0,0,1,300,769);
INSERT INTO game VALUES(7,16,1729527925.724999905,'20241021112525','8/00X01XXXXXX??',229,13,7,2,1,3,4,78,'---------------------',11,0,'','---------------------',0,1,3,1,229,515);
INSERT INTO game VALUES(8,17,1729527925.724999905,'20241021112525','XXXXXXXXX90?',279,11,9,1,0,1,5,99,'---------------------',10,0,'','---------------------',0,0,1,1,279,770);
INSERT INTO game VALUES(9,18,1729527925.724999905,'20241021112525','X5/XXX0/X9/8/X??',242,14,6,0,4,4,3,82,'---------------------',11,1,'','----------F----------',1,4,4,1,242,259);
INSERT INTO game VALUES(10,19,1729528133.734999895,'20241021112853','XXXXXX8/8/9/52?',242,14,6,1,3,4,1,90,'---------------------',10,0,'','---------------------',0,3,4,1,242,531);
INSERT INTO game VALUES(11,20,1729528133.734999895,'20241021112853','000000000007XXXX??',127,16,4,6,0,6,2,40,'---------------------',11,0,'','FFFFFFFFFFF----------',11,0,6,1,127,256);
INSERT INTO game VALUES(12,21,1729528133.734999895,'20241021112853','08XXX8/9/707/5/X??',204,16,4,2,4,6,4,76,'---------------------',11,0,'','F--------------------',1,4,6,1,204,259);
INSERT INTO game VALUES(13,22,1729528133.734999895,'20241021112853','XXXXXXXXXX??',300,10,10,0,0,0,5,100,'---------------------',11,1,'','---------------------',0,0,0,1,300,769);
INSERT INTO game VALUES(14,23,1729528133.734999895,'20241021112853','XXXXXXXXXX??',300,10,10,0,0,0,3,100,'---------------------',11,1,'','---------------------',0,0,0,1,300,769);
INSERT INTO game VALUES(15,19,1729528206.602999925,'20241021113006','XXXXXXXX908/?',267,12,8,1,1,2,1,97,'---------------------',11,0,'','---------------------',0,1,2,1,267,514);
INSERT INTO game VALUES(16,20,1729528206.602999925,'20241021113006','7/XXXXXXX8/7/?',262,13,7,0,3,3,2,92,'---------------------',11,1,'','---------------------',0,3,3,1,262,514);
INSERT INTO game VALUES(17,21,1729528206.602999925,'20241021113006','XXXXXXXXXX??',300,10,10,0,0,0,4,100,'---------------------',11,1,'','---------------------',0,0,0,1,300,769);
INSERT INTO game VALUES(18,22,1729528206.602999925,'20241021113006','XXXXXXXXXX??',300,10,10,0,0,0,5,100,'---------------------',11,1,'','---------------------',0,0,0,1,300,769);
INSERT INTO game VALUES(19,23,1729528206.602999925,'20241021113006','XXXXXXXXX00?',270,11,9,1,0,1,3,90,'---------------------',10,0,'','------------------FF-',2,0,1,1,270,770);
INSERT INTO game VALUES(20,24,1729534889.0,'20241021132129','XXXXXXXXXX??',300,10,10,0,0,0,1,100,'---------------------',11,1,'','---------------------',0,0,0,1,300,769);
INSERT INTO game VALUES(21,24,1729534906.0,'20241021132146','8/XXX8/9/XXX9/?',254,14,6,0,4,4,1,94,'---------------------',11,1,'','---------------------',0,4,4,1,254,258);
CREATE TABLE pin(
    id SERIAL PRIMARY KEY,
    SUMMARY_ID INTEGER,
    GAME_ID INTEGER,
    FRAME INTEGER,
    SLOT1 TEXT,
    SLOT2 TEXT,
    SLOT3 TEXT,
    BALL1 TEXT DEFAULT '',
    BALL2 TEXT DEFAULT '',
    SPLIT INTEGER DEFAULT 0,
    SPLIT_CONV INTEGER DEFAULT 0,
    SPLIT_SUPPORT INTEGER DEFAULT 0,
    NOTE TEXT DEFAULT '',
    TARGET1 INTEGER DEFAULT -1,
    STAND1 INTEGER DEFAULT -1,
    TARGET2 INTEGER DEFAULT -1,
    STAND2 INTEGER DEFAULT -1,
    TARGET3 INTEGER DEFAULT -1,
    STAND3 INTEGER DEFAULT -1,
    BALL1_ID INTEGER DEFAULT -1,
    BALL2_ID INTEGER DEFAULT -1,
    BALL3_ID INTEGER DEFAULT -1
);
INSERT INTO pin VALUES(1,1,1,1,'','','','9','/',0,0,1,'',-1,-1,-1,-1,-1,-1,-1,-1,-1);
INSERT INTO pin VALUES(2,1,1,2,'','','','X',' ',0,0,1,'',-1,-1,-1,-1,-1,-1,-1,-1,-1);
INSERT INTO pin VALUES(3,1,1,3,'','','','X',' ',0,0,1,'',-1,-1,-1,-1,-1,-1,-1,-1,-1);
INSERT INTO pin VALUES(4,1,1,4,'','','','8','0',0,0,1,'',-1,-1,-1,-1,-1,-1,-1,-1,-1);
INSERT INTO pin VALUES(5,1,1,5,'','','','3','6',0,0,1,'',-1,-1,-1,-1,-1,-1,-1,-1,-1);
INSERT INTO pin VALUES(6,1,1,6,'','','','X',' ',0,0,1,'',-1,-1,-1,-1,-1,-1,-1,-1,-1);
INSERT INTO pin VALUES(7,1,1,7,'','','','X',' ',0,0,1,'',-1,-1,-1,-1,-1,-1,-1,-1,-1);
INSERT INTO pin VALUES(8,1,1,8,'','','','X',' ',0,0,1,'',-1,-1,-1,-1,-1,-1,-1,-1,-1);
INSERT INTO pin VALUES(9,1,1,9,'','','','X',' ',0,0,1,'',-1,-1,-1,-1,-1,-1,-1,-1,-1);
INSERT INTO pin VALUES(10,1,1,10,'','','','X','',0,0,1,'',-1,-1,-1,-1,-1,-1,-1,-1,-1);
INSERT INTO pin VALUES(11,1,1,11,'','','','X','',0,0,1,'',-1,-1,-1,-1,-1,-1,-1,-1,-1);
INSERT INTO pin VALUES(12,1,1,12,'','','','X','',0,0,1,'',-1,-1,-1,-1,-1,-1,-1,-1,-1);
INSERT INTO pin VALUES(13,2,2,1,'','','','X',' ',0,0,1,'',-1,-1,-1,-1,-1,-1,-1,-1,-1);
INSERT INTO pin VALUES(14,2,2,2,'','','','X',' ',0,0,1,'',-1,-1,-1,-1,-1,-1,-1,-1,-1);
INSERT INTO pin VALUES(15,2,2,3,'','','','X',' ',0,0,1,'',-1,-1,-1,-1,-1,-1,-1,-1,-1);
INSERT INTO pin VALUES(16,2,2,4,'','','','8','/',0,0,1,'',-1,-1,-1,-1,-1,-1,-1,-1,-1);
INSERT INTO pin VALUES(17,2,2,5,'','','','7','/',0,0,1,'',-1,-1,-1,-1,-1,-1,-1,-1,-1);
INSERT INTO pin VALUES(18,2,2,6,'','','','9','0',0,0,1,'',-1,-1,-1,-1,-1,-1,-1,-1,-1);
INSERT INTO pin VALUES(19,2,2,7,'','','','0','3',0,0,1,'',-1,-1,-1,-1,-1,-1,-1,-1,-1);
INSERT INTO pin VALUES(20,2,2,8,'','','','0','2',0,0,1,'',-1,-1,-1,-1,-1,-1,-1,-1,-1);
INSERT INTO pin VALUES(21,2,2,9,'','','','9','/',0,0,1,'',-1,-1,-1,-1,-1,-1,-1,-1,-1);
INSERT INTO pin VALUES(22,2,2,10,'','','','X','',0,0,1,'',-1,-1,-1,-1,-1,-1,-1,-1,-1);
INSERT INTO pin VALUES(23,2,2,11,'','','','X','',0,0,1,'',-1,-1,-1,-1,-1,-1,-1,-1,-1);
INSERT INTO pin VALUES(24,2,2,12,'','','','X','',0,0,1,'',-1,-1,-1,-1,-1,-1,-1,-1,-1);
INSERT INTO pin VALUES(25,3,3,1,'123456789:','','','X',' ',0,0,1,'',-1,-1,-1,-1,-1,-1,-1,-1,-1);
INSERT INTO pin VALUES(26,3,3,2,'2456789:','123456789:','','8','/',0,0,1,'',-1,-1,-1,-1,-1,-1,-1,-1,-1);
INSERT INTO pin VALUES(27,3,3,3,'123456789','123456789:','','9','/',0,0,1,'',-1,-1,-1,-1,-1,-1,-1,-1,-1);
INSERT INTO pin VALUES(28,3,3,4,'123456789:','','','X',' ',0,0,1,'',-1,-1,-1,-1,-1,-1,-1,-1,-1);
INSERT INTO pin VALUES(29,3,3,5,'123456789:','','','X',' ',0,0,1,'',-1,-1,-1,-1,-1,-1,-1,-1,-1);
INSERT INTO pin VALUES(30,3,3,6,'123456789:','','','X',' ',0,0,1,'',-1,-1,-1,-1,-1,-1,-1,-1,-1);
INSERT INTO pin VALUES(31,3,3,7,'','123456789:','','0','/',0,0,1,'',-1,-1,-1,-1,-1,-1,-1,-1,-1);
INSERT INTO pin VALUES(32,3,3,8,'123456789:','','','X',' ',0,0,1,'',-1,-1,-1,-1,-1,-1,-1,-1,-1);
INSERT INTO pin VALUES(33,3,3,9,'','123456789:','','0','/',0,0,1,'',-1,-1,-1,-1,-1,-1,-1,-1,-1);
INSERT INTO pin VALUES(34,3,3,10,'12345789','12345789','','8','0',0,0,1,'',-1,-1,-1,-1,-1,-1,-1,-1,-1);
INSERT INTO pin VALUES(35,3,3,11,'','','','','',0,0,1,'',-1,-1,-1,-1,-1,-1,-1,-1,-1);
INSERT INTO pin VALUES(36,3,3,12,'','','','','',0,0,1,'',-1,-1,-1,-1,-1,-1,-1,-1,-1);
INSERT INTO pin VALUES(37,4,4,1,'136','123456789:','','3','/',1,1,1,'',-1,-1,-1,-1,-1,-1,-1,-1,-1);
INSERT INTO pin VALUES(38,4,4,2,'2456789:','123456789:','','8','/',0,0,1,'',-1,-1,-1,-1,-1,-1,-1,-1,-1);
INSERT INTO pin VALUES(39,4,4,3,'12345789','12345789','','8','0',0,0,1,'',-1,-1,-1,-1,-1,-1,-1,-1,-1);
INSERT INTO pin VALUES(40,4,4,4,'1235689:','123456789:','','8','/',0,0,1,'',-1,-1,-1,-1,-1,-1,-1,-1,-1);
INSERT INTO pin VALUES(41,4,4,5,'12345689:','123456789:','','9','/',0,0,1,'',-1,-1,-1,-1,-1,-1,-1,-1,-1);
INSERT INTO pin VALUES(42,4,4,6,'1234589','123456789:','','7','/',1,1,1,'',-1,-1,-1,-1,-1,-1,-1,-1,-1);
INSERT INTO pin VALUES(43,4,4,7,'1248:','123456789:','','5','/',1,1,1,'',-1,-1,-1,-1,-1,-1,-1,-1,-1);
INSERT INTO pin VALUES(44,4,4,8,'123456789:','','','X',' ',0,0,1,'',-1,-1,-1,-1,-1,-1,-1,-1,-1);
INSERT INTO pin VALUES(45,4,4,9,'123456789:','','','X',' ',0,0,1,'',-1,-1,-1,-1,-1,-1,-1,-1,-1);
INSERT INTO pin VALUES(46,4,4,10,'123456789:','','','','',0,0,1,'',-1,-1,-1,-1,-1,-1,-1,-1,-1);
INSERT INTO pin VALUES(47,4,4,11,'','','','','',0,0,1,'',-1,-1,-1,-1,-1,-1,-1,-1,-1);
INSERT INTO pin VALUES(48,4,4,12,'','','','','',0,0,1,'',-1,-1,-1,-1,-1,-1,-1,-1,-1);
INSERT INTO pin VALUES(49,14,5,1,'123456789','123456789:','','9','/',0,0,1,'',-1,-1,-1,-1,-1,-1,-1,-1,-1);
INSERT INTO pin VALUES(50,14,5,2,'123456789','123456789:','','9','/',0,0,1,'',-1,-1,-1,-1,-1,-1,-1,-1,-1);
INSERT INTO pin VALUES(51,14,5,3,'12589','123456789:','','5','/',1,1,1,'',-1,-1,-1,-1,-1,-1,-1,-1,-1);
INSERT INTO pin VALUES(52,14,5,4,'123456789:','','','X',' ',0,0,1,'',-1,-1,-1,-1,-1,-1,-1,-1,-1);
INSERT INTO pin VALUES(53,14,5,5,'123456789:','','','X',' ',0,0,1,'',-1,-1,-1,-1,-1,-1,-1,-1,-1);
INSERT INTO pin VALUES(54,14,5,6,'123456789:','','','X',' ',0,0,1,'',-1,-1,-1,-1,-1,-1,-1,-1,-1);
INSERT INTO pin VALUES(55,14,5,7,'123456789:','','','X',' ',0,0,1,'',-1,-1,-1,-1,-1,-1,-1,-1,-1);
INSERT INTO pin VALUES(56,14,5,8,'123456789:','','','X',' ',0,0,1,'',-1,-1,-1,-1,-1,-1,-1,-1,-1);
INSERT INTO pin VALUES(57,14,5,9,'123456789:','','','X',' ',0,0,1,'',-1,-1,-1,-1,-1,-1,-1,-1,-1);
INSERT INTO pin VALUES(58,14,5,10,'123456789:','','','X','',0,0,1,'',-1,-1,-1,-1,-1,-1,-1,-1,-1);
INSERT INTO pin VALUES(59,14,5,11,'','','','','',0,0,1,'',-1,-1,-1,-1,-1,-1,-1,-1,-1);
INSERT INTO pin VALUES(60,14,5,12,'','','','','',0,0,1,'',-1,-1,-1,-1,-1,-1,-1,-1,-1);
INSERT INTO pin VALUES(61,15,6,1,'123456789:','','','X',' ',0,0,1,'',-1,-1,-1,-1,-1,-1,-1,-1,-1);
INSERT INTO pin VALUES(62,15,6,2,'123456789:','','','X',' ',0,0,1,'',-1,-1,-1,-1,-1,-1,-1,-1,-1);
INSERT INTO pin VALUES(63,15,6,3,'123456789:','','','X',' ',0,0,1,'',-1,-1,-1,-1,-1,-1,-1,-1,-1);
INSERT INTO pin VALUES(64,15,6,4,'123456789:','','','X',' ',0,0,1,'',-1,-1,-1,-1,-1,-1,-1,-1,-1);
INSERT INTO pin VALUES(65,15,6,5,'123456789:','','','X',' ',0,0,1,'',-1,-1,-1,-1,-1,-1,-1,-1,-1);
INSERT INTO pin VALUES(66,15,6,6,'123456789:','','','X',' ',0,0,1,'',-1,-1,-1,-1,-1,-1,-1,-1,-1);
INSERT INTO pin VALUES(67,15,6,7,'123456789:','','','X',' ',0,0,1,'',-1,-1,-1,-1,-1,-1,-1,-1,-1);
INSERT INTO pin VALUES(68,15,6,8,'123456789:','','','X',' ',0,0,1,'',-1,-1,-1,-1,-1,-1,-1,-1,-1);
INSERT INTO pin VALUES(69,15,6,9,'123456789:','','','X',' ',0,0,1,'',-1,-1,-1,-1,-1,-1,-1,-1,-1);
INSERT INTO pin VALUES(70,15,6,10,'123456789:','','','X','',0,0,1,'',-1,-1,-1,-1,-1,-1,-1,-1,-1);
INSERT INTO pin VALUES(71,15,6,11,'','','','','',0,0,1,'',-1,-1,-1,-1,-1,-1,-1,-1,-1);
INSERT INTO pin VALUES(72,15,6,12,'','','','','',0,0,1,'',-1,-1,-1,-1,-1,-1,-1,-1,-1);
INSERT INTO pin VALUES(73,16,7,1,'12345789','123456789:','','8','/',0,0,1,'',-1,-1,-1,-1,-1,-1,-1,-1,-1);
INSERT INTO pin VALUES(74,16,7,2,'','','','0','0',0,0,1,'',-1,-1,-1,-1,-1,-1,-1,-1,-1);
INSERT INTO pin VALUES(75,16,7,3,'123456789:','','','X',' ',0,0,1,'',-1,-1,-1,-1,-1,-1,-1,-1,-1);
INSERT INTO pin VALUES(76,16,7,4,'',':','','0','1',0,0,1,'',-1,-1,-1,-1,-1,-1,-1,-1,-1);
INSERT INTO pin VALUES(77,16,7,5,'123456789:','','','X',' ',0,0,1,'',-1,-1,-1,-1,-1,-1,-1,-1,-1);
INSERT INTO pin VALUES(78,16,7,6,'123456789:','','','X',' ',0,0,1,'',-1,-1,-1,-1,-1,-1,-1,-1,-1);
INSERT INTO pin VALUES(79,16,7,7,'123456789:','','','X',' ',0,0,1,'',-1,-1,-1,-1,-1,-1,-1,-1,-1);
INSERT INTO pin VALUES(80,16,7,8,'123456789:','','','X',' ',0,0,1,'',-1,-1,-1,-1,-1,-1,-1,-1,-1);
INSERT INTO pin VALUES(81,16,7,9,'123456789:','','','X',' ',0,0,1,'',-1,-1,-1,-1,-1,-1,-1,-1,-1);
INSERT INTO pin VALUES(82,16,7,10,'123456789:','','','X','',0,0,1,'',-1,-1,-1,-1,-1,-1,-1,-1,-1);
INSERT INTO pin VALUES(83,16,7,11,'','','','','',0,0,1,'',-1,-1,-1,-1,-1,-1,-1,-1,-1);
INSERT INTO pin VALUES(84,16,7,12,'','','','','',0,0,1,'',-1,-1,-1,-1,-1,-1,-1,-1,-1);
INSERT INTO pin VALUES(85,17,8,1,'123456789:','','','X',' ',0,0,1,'',-1,-1,-1,-1,-1,-1,-1,-1,-1);
INSERT INTO pin VALUES(86,17,8,2,'123456789:','','','X',' ',0,0,1,'',-1,-1,-1,-1,-1,-1,-1,-1,-1);
INSERT INTO pin VALUES(87,17,8,3,'123456789:','','','X',' ',0,0,1,'',-1,-1,-1,-1,-1,-1,-1,-1,-1);
INSERT INTO pin VALUES(88,17,8,4,'123456789:','','','X',' ',0,0,1,'',-1,-1,-1,-1,-1,-1,-1,-1,-1);
INSERT INTO pin VALUES(89,17,8,5,'123456789:','','','X',' ',0,0,1,'',-1,-1,-1,-1,-1,-1,-1,-1,-1);
INSERT INTO pin VALUES(90,17,8,6,'123456789:','','','X',' ',0,0,1,'',-1,-1,-1,-1,-1,-1,-1,-1,-1);
INSERT INTO pin VALUES(91,17,8,7,'123456789:','','','X',' ',0,0,1,'',-1,-1,-1,-1,-1,-1,-1,-1,-1);
INSERT INTO pin VALUES(92,17,8,8,'123456789:','','','X',' ',0,0,1,'',-1,-1,-1,-1,-1,-1,-1,-1,-1);
INSERT INTO pin VALUES(93,17,8,9,'123456789:','','','X',' ',0,0,1,'',-1,-1,-1,-1,-1,-1,-1,-1,-1);
INSERT INTO pin VALUES(94,17,8,10,'123456789','123456789','','9','0',0,0,1,'',-1,-1,-1,-1,-1,-1,-1,-1,-1);
INSERT INTO pin VALUES(95,17,8,11,'','','','','',0,0,1,'',-1,-1,-1,-1,-1,-1,-1,-1,-1);
INSERT INTO pin VALUES(96,17,8,12,'','','','','',0,0,1,'',-1,-1,-1,-1,-1,-1,-1,-1,-1);
INSERT INTO pin VALUES(97,18,9,1,'123456789:','','','X',' ',0,0,1,'',-1,-1,-1,-1,-1,-1,-1,-1,-1);
INSERT INTO pin VALUES(98,18,9,2,'2589:','123456789:','','5','/',0,0,1,'',-1,-1,-1,-1,-1,-1,-1,-1,-1);
INSERT INTO pin VALUES(99,18,9,3,'123456789:','','','X',' ',0,0,1,'',-1,-1,-1,-1,-1,-1,-1,-1,-1);
INSERT INTO pin VALUES(100,18,9,4,'123456789:','','','X',' ',0,0,1,'',-1,-1,-1,-1,-1,-1,-1,-1,-1);
INSERT INTO pin VALUES(101,18,9,5,'123456789:','','','X',' ',0,0,1,'',-1,-1,-1,-1,-1,-1,-1,-1,-1);
INSERT INTO pin VALUES(102,18,9,6,'','123456789:','','0','/',0,0,1,'',-1,-1,-1,-1,-1,-1,-1,-1,-1);
INSERT INTO pin VALUES(103,18,9,7,'123456789:','','','X',' ',0,0,1,'',-1,-1,-1,-1,-1,-1,-1,-1,-1);
INSERT INTO pin VALUES(104,18,9,8,'123456789','123456789:','','9','/',0,0,1,'',-1,-1,-1,-1,-1,-1,-1,-1,-1);
INSERT INTO pin VALUES(105,18,9,9,'12345789','123456789:','','8','/',0,0,1,'',-1,-1,-1,-1,-1,-1,-1,-1,-1);
INSERT INTO pin VALUES(106,18,9,10,'123456789:','','','X','',0,0,1,'',-1,-1,-1,-1,-1,-1,-1,-1,-1);
INSERT INTO pin VALUES(107,18,9,11,'','','','','',0,0,1,'',-1,-1,-1,-1,-1,-1,-1,-1,-1);
INSERT INTO pin VALUES(108,18,9,12,'','','','','',0,0,1,'',-1,-1,-1,-1,-1,-1,-1,-1,-1);
INSERT INTO pin VALUES(109,19,10,1,'123456789:','','','X',' ',0,0,1,'',-1,-1,-1,-1,-1,-1,-1,-1,-1);
INSERT INTO pin VALUES(110,19,10,2,'123456789:','','','X',' ',0,0,1,'',-1,-1,-1,-1,-1,-1,-1,-1,-1);
INSERT INTO pin VALUES(111,19,10,3,'123456789:','','','X',' ',0,0,1,'',-1,-1,-1,-1,-1,-1,-1,-1,-1);
INSERT INTO pin VALUES(112,19,10,4,'123456789:','','','X',' ',0,0,1,'',-1,-1,-1,-1,-1,-1,-1,-1,-1);
INSERT INTO pin VALUES(113,19,10,5,'123456789:','','','X',' ',0,0,1,'',-1,-1,-1,-1,-1,-1,-1,-1,-1);
INSERT INTO pin VALUES(114,19,10,6,'123456789:','','','X',' ',0,0,1,'',-1,-1,-1,-1,-1,-1,-1,-1,-1);
INSERT INTO pin VALUES(115,19,10,7,'12345789','123456789:','','8','/',0,0,1,'',-1,-1,-1,-1,-1,-1,-1,-1,-1);
INSERT INTO pin VALUES(116,19,10,8,'12345789','123456789:','','8','/',0,0,1,'',-1,-1,-1,-1,-1,-1,-1,-1,-1);
INSERT INTO pin VALUES(117,19,10,9,'123456789','123456789:','','9','/',0,0,1,'',-1,-1,-1,-1,-1,-1,-1,-1,-1);
INSERT INTO pin VALUES(118,19,10,10,'2589:','245789:','','5','2',0,0,1,'',-1,-1,-1,-1,-1,-1,-1,-1,-1);
INSERT INTO pin VALUES(119,19,10,11,'','','','','',0,0,1,'',-1,-1,-1,-1,-1,-1,-1,-1,-1);
INSERT INTO pin VALUES(120,19,10,12,'','','','','',0,0,1,'',-1,-1,-1,-1,-1,-1,-1,-1,-1);
INSERT INTO pin VALUES(121,20,11,1,'','','','0','0',0,0,1,'',-1,-1,-1,-1,-1,-1,-1,-1,-1);
INSERT INTO pin VALUES(122,20,11,2,'','','','0','0',0,0,1,'',-1,-1,-1,-1,-1,-1,-1,-1,-1);
INSERT INTO pin VALUES(123,20,11,3,'','','','0','0',0,0,1,'',-1,-1,-1,-1,-1,-1,-1,-1,-1);
INSERT INTO pin VALUES(124,20,11,4,'','','','0','0',0,0,1,'',-1,-1,-1,-1,-1,-1,-1,-1,-1);
INSERT INTO pin VALUES(125,20,11,5,'','','','0','0',0,0,1,'',-1,-1,-1,-1,-1,-1,-1,-1,-1);
INSERT INTO pin VALUES(126,20,11,6,'','245789:','','0','7',0,0,1,'',-1,-1,-1,-1,-1,-1,-1,-1,-1);
INSERT INTO pin VALUES(127,20,11,7,'123456789:','','','X',' ',0,0,1,'',-1,-1,-1,-1,-1,-1,-1,-1,-1);
INSERT INTO pin VALUES(128,20,11,8,'123456789:','','','X',' ',0,0,1,'',-1,-1,-1,-1,-1,-1,-1,-1,-1);
INSERT INTO pin VALUES(129,20,11,9,'123456789:','','','X',' ',0,0,1,'',-1,-1,-1,-1,-1,-1,-1,-1,-1);
INSERT INTO pin VALUES(130,20,11,10,'123456789:','','','X','',0,0,1,'',-1,-1,-1,-1,-1,-1,-1,-1,-1);
INSERT INTO pin VALUES(131,20,11,11,'','','','','',0,0,1,'',-1,-1,-1,-1,-1,-1,-1,-1,-1);
INSERT INTO pin VALUES(132,20,11,12,'','','','','',0,0,1,'',-1,-1,-1,-1,-1,-1,-1,-1,-1);
INSERT INTO pin VALUES(133,21,12,1,'','1245789:','','0','8',0,0,1,'',-1,-1,-1,-1,-1,-1,-1,-1,-1);
INSERT INTO pin VALUES(134,21,12,2,'123456789:','','','X',' ',0,0,1,'',-1,-1,-1,-1,-1,-1,-1,-1,-1);
INSERT INTO pin VALUES(135,21,12,3,'123456789:','','','X',' ',0,0,1,'',-1,-1,-1,-1,-1,-1,-1,-1,-1);
INSERT INTO pin VALUES(136,21,12,4,'123456789:','','','X',' ',0,0,1,'',-1,-1,-1,-1,-1,-1,-1,-1,-1);
INSERT INTO pin VALUES(137,21,12,5,'12345789','123456789:','','8','/',0,0,1,'',-1,-1,-1,-1,-1,-1,-1,-1,-1);
INSERT INTO pin VALUES(138,21,12,6,'123456789','123456789:','','9','/',0,0,1,'',-1,-1,-1,-1,-1,-1,-1,-1,-1);
INSERT INTO pin VALUES(139,21,12,7,'135689:','135689:','','7','0',0,0,1,'',-1,-1,-1,-1,-1,-1,-1,-1,-1);
INSERT INTO pin VALUES(140,21,12,8,'456789:','123456789:','','7','/',0,0,1,'',-1,-1,-1,-1,-1,-1,-1,-1,-1);
INSERT INTO pin VALUES(141,21,12,9,'12478','123456789:','','5','/',0,0,1,'',-1,-1,-1,-1,-1,-1,-1,-1,-1);
INSERT INTO pin VALUES(142,21,12,10,'123456789:','','','X','',0,0,1,'',-1,-1,-1,-1,-1,-1,-1,-1,-1);
INSERT INTO pin VALUES(143,21,12,11,'','','','','',0,0,1,'',-1,-1,-1,-1,-1,-1,-1,-1,-1);
INSERT INTO pin VALUES(144,21,12,12,'','','','','',0,0,1,'',-1,-1,-1,-1,-1,-1,-1,-1,-1);
INSERT INTO pin VALUES(145,22,13,1,'123456789:','','','X',' ',0,0,1,'',-1,-1,-1,-1,-1,-1,-1,-1,-1);
INSERT INTO pin VALUES(146,22,13,2,'123456789:','','','X',' ',0,0,1,'',-1,-1,-1,-1,-1,-1,-1,-1,-1);
INSERT INTO pin VALUES(147,22,13,3,'123456789:','','','X',' ',0,0,1,'',-1,-1,-1,-1,-1,-1,-1,-1,-1);
INSERT INTO pin VALUES(148,22,13,4,'123456789:','','','X',' ',0,0,1,'',-1,-1,-1,-1,-1,-1,-1,-1,-1);
INSERT INTO pin VALUES(149,22,13,5,'123456789:','','','X',' ',0,0,1,'',-1,-1,-1,-1,-1,-1,-1,-1,-1);
INSERT INTO pin VALUES(150,22,13,6,'123456789:','','','X',' ',0,0,1,'',-1,-1,-1,-1,-1,-1,-1,-1,-1);
INSERT INTO pin VALUES(151,22,13,7,'123456789:','','','X',' ',0,0,1,'',-1,-1,-1,-1,-1,-1,-1,-1,-1);
INSERT INTO pin VALUES(152,22,13,8,'123456789:','','','X',' ',0,0,1,'',-1,-1,-1,-1,-1,-1,-1,-1,-1);
INSERT INTO pin VALUES(153,22,13,9,'123456789:','','','X',' ',0,0,1,'',-1,-1,-1,-1,-1,-1,-1,-1,-1);
INSERT INTO pin VALUES(154,22,13,10,'123456789:','','','X','',0,0,1,'',-1,-1,-1,-1,-1,-1,-1,-1,-1);
INSERT INTO pin VALUES(155,22,13,11,'','','','','',0,0,1,'',-1,-1,-1,-1,-1,-1,-1,-1,-1);
INSERT INTO pin VALUES(156,22,13,12,'','','','','',0,0,1,'',-1,-1,-1,-1,-1,-1,-1,-1,-1);
INSERT INTO pin VALUES(157,23,14,1,'123456789:','','','X',' ',0,0,1,'',-1,-1,-1,-1,-1,-1,-1,-1,-1);
INSERT INTO pin VALUES(158,23,14,2,'123456789:','','','X',' ',0,0,1,'',-1,-1,-1,-1,-1,-1,-1,-1,-1);
INSERT INTO pin VALUES(159,23,14,3,'123456789:','','','X',' ',0,0,1,'',-1,-1,-1,-1,-1,-1,-1,-1,-1);
INSERT INTO pin VALUES(160,23,14,4,'123456789:','','','X',' ',0,0,1,'',-1,-1,-1,-1,-1,-1,-1,-1,-1);
INSERT INTO pin VALUES(161,23,14,5,'123456789:','','','X',' ',0,0,1,'',-1,-1,-1,-1,-1,-1,-1,-1,-1);
INSERT INTO pin VALUES(162,23,14,6,'123456789:','','','X',' ',0,0,1,'',-1,-1,-1,-1,-1,-1,-1,-1,-1);
INSERT INTO pin VALUES(163,23,14,7,'123456789:','','','X',' ',0,0,1,'',-1,-1,-1,-1,-1,-1,-1,-1,-1);
INSERT INTO pin VALUES(164,23,14,8,'123456789:','','','X',' ',0,0,1,'',-1,-1,-1,-1,-1,-1,-1,-1,-1);
INSERT INTO pin VALUES(165,23,14,9,'123456789:','','','X',' ',0,0,1,'',-1,-1,-1,-1,-1,-1,-1,-1,-1);
INSERT INTO pin VALUES(166,23,14,10,'123456789:','','','X','',0,0,1,'',-1,-1,-1,-1,-1,-1,-1,-1,-1);
INSERT INTO pin VALUES(167,23,14,11,'','','','','',0,0,1,'',-1,-1,-1,-1,-1,-1,-1,-1,-1);
INSERT INTO pin VALUES(168,23,14,12,'','','','','',0,0,1,'',-1,-1,-1,-1,-1,-1,-1,-1,-1);
INSERT INTO pin VALUES(169,19,15,1,'123456789:','','','X',' ',0,0,1,'',-1,-1,-1,-1,-1,-1,-1,-1,-1);
INSERT INTO pin VALUES(170,19,15,2,'123456789:','','','X',' ',0,0,1,'',-1,-1,-1,-1,-1,-1,-1,-1,-1);
INSERT INTO pin VALUES(171,19,15,3,'123456789:','','','X',' ',0,0,1,'',-1,-1,-1,-1,-1,-1,-1,-1,-1);
INSERT INTO pin VALUES(172,19,15,4,'123456789:','','','X',' ',0,0,1,'',-1,-1,-1,-1,-1,-1,-1,-1,-1);
INSERT INTO pin VALUES(173,19,15,5,'123456789:','','','X',' ',0,0,1,'',-1,-1,-1,-1,-1,-1,-1,-1,-1);
INSERT INTO pin VALUES(174,19,15,6,'123456789:','','','X',' ',0,0,1,'',-1,-1,-1,-1,-1,-1,-1,-1,-1);
INSERT INTO pin VALUES(175,19,15,7,'123456789:','','','X',' ',0,0,1,'',-1,-1,-1,-1,-1,-1,-1,-1,-1);
INSERT INTO pin VALUES(176,19,15,8,'123456789:','','','X',' ',0,0,1,'',-1,-1,-1,-1,-1,-1,-1,-1,-1);
INSERT INTO pin VALUES(177,19,15,9,'12345689:','12345689:','','9','0',0,0,1,'',-1,-1,-1,-1,-1,-1,-1,-1,-1);
INSERT INTO pin VALUES(178,19,15,10,'12345789','123456789:','','8','/',0,0,1,'',-1,-1,-1,-1,-1,-1,-1,-1,-1);
INSERT INTO pin VALUES(179,19,15,11,'','','','','',0,0,1,'',-1,-1,-1,-1,-1,-1,-1,-1,-1);
INSERT INTO pin VALUES(180,19,15,12,'','','','','',0,0,1,'',-1,-1,-1,-1,-1,-1,-1,-1,-1);
INSERT INTO pin VALUES(181,20,16,1,'356789:','123456789:','','7','/',0,0,1,'',-1,-1,-1,-1,-1,-1,-1,-1,-1);
INSERT INTO pin VALUES(182,20,16,2,'123456789:','','','X',' ',0,0,1,'',-1,-1,-1,-1,-1,-1,-1,-1,-1);
INSERT INTO pin VALUES(183,20,16,3,'123456789:','','','X',' ',0,0,1,'',-1,-1,-1,-1,-1,-1,-1,-1,-1);
INSERT INTO pin VALUES(184,20,16,4,'123456789:','','','X',' ',0,0,1,'',-1,-1,-1,-1,-1,-1,-1,-1,-1);
INSERT INTO pin VALUES(185,20,16,5,'123456789:','','','X',' ',0,0,1,'',-1,-1,-1,-1,-1,-1,-1,-1,-1);
INSERT INTO pin VALUES(186,20,16,6,'123456789:','','','X',' ',0,0,1,'',-1,-1,-1,-1,-1,-1,-1,-1,-1);
INSERT INTO pin VALUES(187,20,16,7,'123456789:','','','X',' ',0,0,1,'',-1,-1,-1,-1,-1,-1,-1,-1,-1);
INSERT INTO pin VALUES(188,20,16,8,'123456789:','','','X',' ',0,0,1,'',-1,-1,-1,-1,-1,-1,-1,-1,-1);
INSERT INTO pin VALUES(189,20,16,9,'12345789','123456789:','','8','/',0,0,1,'',-1,-1,-1,-1,-1,-1,-1,-1,-1);
INSERT INTO pin VALUES(190,20,16,10,'245789:','123456789:','','7','/',0,0,1,'',-1,-1,-1,-1,-1,-1,-1,-1,-1);
INSERT INTO pin VALUES(191,20,16,11,'','','','','',0,0,1,'',-1,-1,-1,-1,-1,-1,-1,-1,-1);
INSERT INTO pin VALUES(192,20,16,12,'','','','','',0,0,1,'',-1,-1,-1,-1,-1,-1,-1,-1,-1);
INSERT INTO pin VALUES(193,21,17,1,'123456789:','','','X',' ',0,0,1,'',-1,-1,-1,-1,-1,-1,-1,-1,-1);
INSERT INTO pin VALUES(194,21,17,2,'123456789:','','','X',' ',0,0,1,'',-1,-1,-1,-1,-1,-1,-1,-1,-1);
INSERT INTO pin VALUES(195,21,17,3,'123456789:','','','X',' ',0,0,1,'',-1,-1,-1,-1,-1,-1,-1,-1,-1);
INSERT INTO pin VALUES(196,21,17,4,'123456789:','','','X',' ',0,0,1,'',-1,-1,-1,-1,-1,-1,-1,-1,-1);
INSERT INTO pin VALUES(197,21,17,5,'123456789:','','','X',' ',0,0,1,'',-1,-1,-1,-1,-1,-1,-1,-1,-1);
INSERT INTO pin VALUES(198,21,17,6,'123456789:','','','X',' ',0,0,1,'',-1,-1,-1,-1,-1,-1,-1,-1,-1);
INSERT INTO pin VALUES(199,21,17,7,'123456789:','','','X',' ',0,0,1,'',-1,-1,-1,-1,-1,-1,-1,-1,-1);
INSERT INTO pin VALUES(200,21,17,8,'123456789:','','','X',' ',0,0,1,'',-1,-1,-1,-1,-1,-1,-1,-1,-1);
INSERT INTO pin VALUES(201,21,17,9,'123456789:','','','X',' ',0,0,1,'',-1,-1,-1,-1,-1,-1,-1,-1,-1);
INSERT INTO pin VALUES(202,21,17,10,'123456789:','','','X','',0,0,1,'',-1,-1,-1,-1,-1,-1,-1,-1,-1);
INSERT INTO pin VALUES(203,21,17,11,'','','','','',0,0,1,'',-1,-1,-1,-1,-1,-1,-1,-1,-1);
INSERT INTO pin VALUES(204,21,17,12,'','','','','',0,0,1,'',-1,-1,-1,-1,-1,-1,-1,-1,-1);
INSERT INTO pin VALUES(205,22,18,1,'123456789:','','','X',' ',0,0,1,'',-1,-1,-1,-1,-1,-1,-1,-1,-1);
INSERT INTO pin VALUES(206,22,18,2,'123456789:','','','X',' ',0,0,1,'',-1,-1,-1,-1,-1,-1,-1,-1,-1);
INSERT INTO pin VALUES(207,22,18,3,'123456789:','','','X',' ',0,0,1,'',-1,-1,-1,-1,-1,-1,-1,-1,-1);
INSERT INTO pin VALUES(208,22,18,4,'123456789:','','','X',' ',0,0,1,'',-1,-1,-1,-1,-1,-1,-1,-1,-1);
INSERT INTO pin VALUES(209,22,18,5,'123456789:','','','X',' ',0,0,1,'',-1,-1,-1,-1,-1,-1,-1,-1,-1);
INSERT INTO pin VALUES(210,22,18,6,'123456789:','','','X',' ',0,0,1,'',-1,-1,-1,-1,-1,-1,-1,-1,-1);
INSERT INTO pin VALUES(211,22,18,7,'123456789:','','','X',' ',0,0,1,'',-1,-1,-1,-1,-1,-1,-1,-1,-1);
INSERT INTO pin VALUES(212,22,18,8,'123456789:','','','X',' ',0,0,1,'',-1,-1,-1,-1,-1,-1,-1,-1,-1);
INSERT INTO pin VALUES(213,22,18,9,'123456789:','','','X',' ',0,0,1,'',-1,-1,-1,-1,-1,-1,-1,-1,-1);
INSERT INTO pin VALUES(214,22,18,10,'123456789:','','','X','',0,0,1,'',-1,-1,-1,-1,-1,-1,-1,-1,-1);
INSERT INTO pin VALUES(215,22,18,11,'','','','','',0,0,1,'',-1,-1,-1,-1,-1,-1,-1,-1,-1);
INSERT INTO pin VALUES(216,22,18,12,'','','','','',0,0,1,'',-1,-1,-1,-1,-1,-1,-1,-1,-1);
INSERT INTO pin VALUES(217,23,19,1,'123456789:','','','X',' ',0,0,1,'',-1,-1,-1,-1,-1,-1,-1,-1,-1);
INSERT INTO pin VALUES(218,23,19,2,'123456789:','','','X',' ',0,0,1,'',-1,-1,-1,-1,-1,-1,-1,-1,-1);
INSERT INTO pin VALUES(219,23,19,3,'123456789:','','','X',' ',0,0,1,'',-1,-1,-1,-1,-1,-1,-1,-1,-1);
INSERT INTO pin VALUES(220,23,19,4,'123456789:','','','X',' ',0,0,1,'',-1,-1,-1,-1,-1,-1,-1,-1,-1);
INSERT INTO pin VALUES(221,23,19,5,'123456789:','','','X',' ',0,0,1,'',-1,-1,-1,-1,-1,-1,-1,-1,-1);
INSERT INTO pin VALUES(222,23,19,6,'123456789:','','','X',' ',0,0,1,'',-1,-1,-1,-1,-1,-1,-1,-1,-1);
INSERT INTO pin VALUES(223,23,19,7,'123456789:','','','X',' ',0,0,1,'',-1,-1,-1,-1,-1,-1,-1,-1,-1);
INSERT INTO pin VALUES(224,23,19,8,'123456789:','','','X',' ',0,0,1,'',-1,-1,-1,-1,-1,-1,-1,-1,-1);
INSERT INTO pin VALUES(225,23,19,9,'123456789:','','','X',' ',0,0,1,'',-1,-1,-1,-1,-1,-1,-1,-1,-1);
INSERT INTO pin VALUES(226,23,19,10,'','','','0','0',0,0,1,'',-1,-1,-1,-1,-1,-1,-1,-1,-1);
INSERT INTO pin VALUES(227,23,19,11,'','','','','',0,0,1,'',-1,-1,-1,-1,-1,-1,-1,-1,-1);
INSERT INTO pin VALUES(228,23,19,12,'','','','','',0,0,1,'',-1,-1,-1,-1,-1,-1,-1,-1,-1);
INSERT INTO pin VALUES(229,24,20,1,'123456789:','','','X',' ',0,0,1,'',-1,-1,-1,-1,-1,-1,-1,-1,-1);
INSERT INTO pin VALUES(230,24,20,2,'123456789:','','','X',' ',0,0,1,'',-1,-1,-1,-1,-1,-1,-1,-1,-1);
INSERT INTO pin VALUES(231,24,20,3,'123456789:','','','X',' ',0,0,1,'',-1,-1,-1,-1,-1,-1,-1,-1,-1);
INSERT INTO pin VALUES(232,24,20,4,'123456789:','','','X',' ',0,0,1,'',-1,-1,-1,-1,-1,-1,-1,-1,-1);
INSERT INTO pin VALUES(233,24,20,5,'123456789:','','','X',' ',0,0,1,'',-1,-1,-1,-1,-1,-1,-1,-1,-1);
INSERT INTO pin VALUES(234,24,20,6,'123456789:','','','X',' ',0,0,1,'',-1,-1,-1,-1,-1,-1,-1,-1,-1);
INSERT INTO pin VALUES(235,24,20,7,'123456789:','','','X',' ',0,0,1,'',-1,-1,-1,-1,-1,-1,-1,-1,-1);
INSERT INTO pin VALUES(236,24,20,8,'123456789:','','','X',' ',0,0,1,'',-1,-1,-1,-1,-1,-1,-1,-1,-1);
INSERT INTO pin VALUES(237,24,20,9,'123456789:','','','X',' ',0,0,1,'',-1,-1,-1,-1,-1,-1,-1,-1,-1);
INSERT INTO pin VALUES(238,24,20,10,'123456789:','','','','',0,0,1,'',-1,-1,-1,-1,-1,-1,-1,-1,-1);
INSERT INTO pin VALUES(239,24,20,11,'','','','','',0,0,1,'',-1,-1,-1,-1,-1,-1,-1,-1,-1);
INSERT INTO pin VALUES(240,24,20,12,'','','','','',0,0,1,'',-1,-1,-1,-1,-1,-1,-1,-1,-1);
INSERT INTO pin VALUES(241,24,21,1,'2456789:','123456789:','','8','/',0,0,1,'',-1,-1,-1,-1,-1,-1,-1,-1,-1);
INSERT INTO pin VALUES(242,24,21,2,'123456789:','','','X',' ',0,0,1,'',-1,-1,-1,-1,-1,-1,-1,-1,-1);
INSERT INTO pin VALUES(243,24,21,3,'123456789:','','','X',' ',0,0,1,'',-1,-1,-1,-1,-1,-1,-1,-1,-1);
INSERT INTO pin VALUES(244,24,21,4,'123456789:','','','X',' ',0,0,1,'',-1,-1,-1,-1,-1,-1,-1,-1,-1);
INSERT INTO pin VALUES(245,24,21,5,'12345789','123456789:','','8','/',0,0,1,'',-1,-1,-1,-1,-1,-1,-1,-1,-1);
INSERT INTO pin VALUES(246,24,21,6,'12345689:','123456789:','','9','/',0,0,1,'',-1,-1,-1,-1,-1,-1,-1,-1,-1);
INSERT INTO pin VALUES(247,24,21,7,'123456789:','','','X',' ',0,0,1,'',-1,-1,-1,-1,-1,-1,-1,-1,-1);
INSERT INTO pin VALUES(248,24,21,8,'123456789:','','','X',' ',0,0,1,'',-1,-1,-1,-1,-1,-1,-1,-1,-1);
INSERT INTO pin VALUES(249,24,21,9,'123456789:','','','X',' ',0,0,1,'',-1,-1,-1,-1,-1,-1,-1,-1,-1);
INSERT INTO pin VALUES(250,24,21,10,'123456789','123456789:','','9','/',0,0,1,'',-1,-1,-1,-1,-1,-1,-1,-1,-1);
INSERT INTO pin VALUES(251,24,21,11,'','','','?','',0,0,1,'',-1,-1,-1,-1,-1,-1,-1,-1,-1);
INSERT INTO pin VALUES(252,24,21,12,'','','','','',0,0,1,'',-1,-1,-1,-1,-1,-1,-1,-1,-1);
CREATE TABLE location(
    id SERIAL PRIMARY KEY,
    LOCATION TEXT
);
INSERT INTO location VALUES(1,'Camelot Bowl');
INSERT INTO location VALUES(2,'St Clair');
CREATE TABLE build(
    id SERIAL PRIMARY KEY,
    BUILD_NUM INTEGER DEFAULT 0
);
INSERT INTO build VALUES(1,30);
CREATE TABLE "user" (
    id SERIAL PRIMARY KEY,
    NAME TEXT,
    THUMBNAIL BYTEA,
    SHOW INTEGER DEFAULT 1,
    RIGHT_HAND INTEGER DEFAULT 1
);
INSERT INTO "user" VALUES(1,'bowler1','\x89504e470d0a1a0a0000000d49484452000000330000003308060000003aa1302a000000017352474200aece1ce90000000473424954080808087c086488000004d7494441546881ed994f6f534714c5cf99e7478c71e2471ca0690a210241ebc28624a4621359822aeab60aab6efa4dfc4dbae90aa9bba80b84f490909292e015ad50a3480e502a2ad9d4222135d833a78bb885a2a078fc5e6855f9b77a8bb973ef993f77eecc03060c1830e0ff000fa2d3388ea3e1e1e10f008c913c0200925e00a86f6d6d3d2d97cbcd83f09baa985aad96add7eb67019c077092e4a8732e0700c6981d49cf003c06f0f3d8d8d8c6d4d4542b4dffa989b977ef5e8ee46700a6257d2469688ffe45f225c95f005425fd303333b393560c268d4ee238ce909c96342f694a52167b0f142565bb6de6494ec7719c49230620253185426142d2bc73ee98a460bff692826edbf942a13091460c00b0afe3fda8542ae6cc99339f4bfa98e4a15eed481a4943ce39373131f1e0f6eddb4a1a4be299595858c807415032c684dece8d098320282d2c2ce493c601241453a9544c1886c7014424bdfbeada4461181eaf542a8907365107a55289242349c639e79d199d7394644846a5522971664d23018492fa0ea46bebbd44f7229198c5c545596bb70024d9bcb2d66e2d2e2e264e004973bc483e05b083dd19f21a1c92ae6bfb14c9060440c29921a9a5a5a526804792acaf7dd7e6d1d2d25293646231a994336b6b6b17487e2529f2e853249b92be9d9d9dfd318d3852a900b6b7b7379c73ab245f1863f61d61638c48be70cead6e6f6f6fa4110390929872b9dc6ab55a7748de95b45f4290a42d92775badd69d72b99c5ae59ce61580ababab278c319f00b808e0a4a43c5e0f9823b98ddd2bc07de7dc83cb972fff861436fedf01a4d1c7dadadab94c26f3d25afba4d1681c8aa268c218f3218022805cb7dd0e808673eed766b3f9a4582cbe0a8260a2d3e90ccdceceaee3dfce66954ac5acacac4c02b8ea9cbb4672b2582cbe9a9b9b5bafd56acb246f596b6f5a6b6f92bc55abd596e7e6e6d68bc5e22b9293ceb96b00aeaeacac4ca651ce243ab9abd56a51d297002e9224809f0054adb51b0f1f3e6c5ebf7efd1fe9fac68d1bc1e4e4641404c15900d3003e952400f7497e373d3ddd4892a2fb16b3bcbc7c380cc332802fb07bf812bb4be531c975008facb5bf0741d002006b6d360882a3004e493a07e0e41b361d00dfb7dbedf8ca952b7fbc5731711c674646464e03f8da3937b6479336c967929e75373d24e5498e4a1ac51eb59831a60ee09be7cf9f6f96cbe54e3f71f555ce445194973423a9f88e26a1a413004eecaea25ddefcde8322c999288aea00fa7abdf1de74711c675aadd6b8b5f6523f65ffbb70ced15a7ba9d56a8df7fb2ed04f06c98761781e40a11f87fb50e8f6ddd7cdd34b8c24e672b9a3ceb90bfd38eb05e7dc855c2e77b49f3b929798cdcdcd2192e300c67d1d79304e727c737373c8d7d04b4ca3d1c86732995324537beb7a1b92994c2673aad168782f35df6536e29c3bedebc417e7dc694923be763d8b9164ba0e8ef93ae9836392467c6fae3d37ae56abd9ee8197f50ecd9faca4d16ab5eae5cb4779ce1833dacbf36b522405c69851bcaeb87ba2673161186649fa5c8b934092511886073333ed767b48d2b07f5cfd2169b8dd6e7ba5e79ec5743a9da1bffe82bd0f481ee9743a0723260cc38ca4c3fe61f587a4c361187a9d673d8b71ce053ebf2c9242f29073ce2bd9f89ee41d49a9fe877c1724bdef343d8b91542779f7204b99b7e848aabf275f03060c18f01fe24f4ffc219e6adabf7c0000000049454e44ae426082',1,1);
INSERT INTO "user" VALUES(2,'2','\x89504e470d0a1a0a0000000d49484452000000330000003308060000003aa1302a000000017352474200aece1ce90000000473424954080808087c086488000004d7494441546881ed994f6f534714c5cf99e7478c71e2471ca0690a210241ebc28624a4621359822aeab60aab6efa4dfc4dbae90aa9bba80b84f490909292e015ad50a3480e502a2ad9d4222135d833a78bb885a2a078fc5e6855f9b77a8bb973ef993f77eecc03060c1830e0ff000fa2d3388ea3e1e1e10f008c913c0200925e00a86f6d6d3d2d97cbcd83f09baa985aad96add7eb67019c077092e4a8732e0700c6981d49cf003c06f0f3d8d8d8c6d4d4542b4dffa989b977ef5e8ee46700a6257d2469688ffe45f225c95f005425fd303333b393560c268d4ee238ce909c96342f694a52167b0f142565bb6de6494ec7719c49230620253185426142d2bc73ee98a460bff692826edbf942a13091460c00b0afe3fda8542ae6cc99339f4bfa98e4a15eed481a4943ce39373131f1e0f6eddb4a1a4be299595858c807415032c684dece8d098320282d2c2ce493c601241453a9544c1886c7014424bdfbeada4461181eaf542a8907365107a55289242349c639e79d199d7394644846a5522971664d23018492fa0ea46bebbd44f7229198c5c545596bb70024d9bcb2d66e2d2e2e264e004973bc483e05b083dd19f21a1c92ae6bfb14c9060440c29921a9a5a5a526804792acaf7dd7e6d1d2d25293646231a994336b6b6b17487e2529f2e853249b92be9d9d9dfd318d3852a900b6b7b7379c73ab245f1863f61d61638c48be70cead6e6f6f6fa4110390929872b9dc6ab55a7748de95b45f4290a42d92775badd69d72b99c5ae59ce61580ababab278c319f00b808e0a4a43c5e0f9823b98ddd2bc07de7dc83cb972fff861436fedf01a4d1c7dadadab94c26f3d25afba4d1681c8aa268c218f3218022805cb7dd0e808673eed766b3f9a4582cbe0a8260a2d3e90ccdceceaee3dfce66954ac5acacac4c02b8ea9cbb4672b2582cbe9a9b9b5bafd56acb246f596b6f5a6b6f92bc55abd596e7e6e6d68bc5e22b9293ceb96b00aeaeacac4ca651ce243ab9abd56a51d297002e9224809f0054adb51b0f1f3e6c5ebf7efd1fe9fac68d1bc1e4e4641404c15900d3003e952400f7497e373d3ddd4892a2fb16b3bcbc7c380cc332802fb07bf812bb4be531c975008facb5bf0741d002006b6d360882a3004e493a07e0e41b361d00dfb7dbedf8ca952b7fbc5731711c674646464e03f8da3937b6479336c967929e75373d24e5498e4a1ac51eb59831a60ee09be7cf9f6f96cbe54e3f71f555ce445194973423a9f88e26a1a413004eecaea25ddefcde8322c999288aea00fa7abdf1de74711c675aadd6b8b5f6523f65ffbb70ced15a7ba9d56a8df7fb2ed04f06c98761781e40a11f87fb50e8f6ddd7cdd34b8c24e672b9a3ceb90bfd38eb05e7dc855c2e77b49f3b929798cdcdcd2192e300c67d1d79304e727c737373c8d7d04b4ca3d1c86732995324537beb7a1b92994c2673aad168782f35df6536e29c3bedebc417e7dc694923be763d8b9164ba0e8ef93ae9836392467c6fae3d37ae56abd9ee8197f50ecd9faca4d16ab5eae5cb4779ce1833dacbf36b522405c69851bcaeb87ba2673161186649fa5c8b934092511886073333ed767b48d2b07f5cfd2169b8dd6e7ba5e79ec5743a9da1bffe82bd0f481ee9743a0723260cc38ca4c3fe61f587a4c361187a9d673d8b71ce053ebf2c9242f29073ce2bd9f89ee41d49a9fe877c1724bdef343d8b91542779f7204b99b7e848aabf275f03060c18f01fe24f4ffc219e6adabf7c0000000049454e44ae426082',1,1);
INSERT INTO "user" VALUES(3,'3','\x89504e470d0a1a0a0000000d49484452000000330000003308060000003aa1302a000000017352474200aece1ce90000000473424954080808087c086488000004d7494441546881ed994f6f534714c5cf99e7478c71e2471ca0690a210241ebc28624a4621359822aeab60aab6efa4dfc4dbae90aa9bba80b84f490909292e015ad50a3480e502a2ad9d4222135d833a78bb885a2a078fc5e6855f9b77a8bb973ef993f77eecc03060c1830e0ff000fa2d3388ea3e1e1e10f008c913c0200925e00a86f6d6d3d2d97cbcd83f09baa985aad96add7eb67019c077092e4a8732e0700c6981d49cf003c06f0f3d8d8d8c6d4d4542b4dffa989b977ef5e8ee46700a6257d2469688ffe45f225c95f005425fd303333b393560c268d4ee238ce909c96342f694a52167b0f142565bb6de6494ec7719c49230620253185426142d2bc73ee98a460bff692826edbf942a13091460c00b0afe3fda8542ae6cc99339f4bfa98e4a15eed481a4943ce39373131f1e0f6eddb4a1a4be299595858c807415032c684dece8d098320282d2c2ce493c601241453a9544c1886c7014424bdfbeada4461181eaf542a8907365107a55289242349c639e79d199d7394644846a5522971664d23018492fa0ea46bebbd44f7229198c5c545596bb70024d9bcb2d66e2d2e2e264e004973bc483e05b083dd19f21a1c92ae6bfb14c9060440c29921a9a5a5a526804792acaf7dd7e6d1d2d25293646231a994336b6b6b17487e2529f2e853249b92be9d9d9dfd318d3852a900b6b7b7379c73ab245f1863f61d61638c48be70cead6e6f6f6fa4110390929872b9dc6ab55a7748de95b45f4290a42d92775badd69d72b99c5ae59ce61580ababab278c319f00b808e0a4a43c5e0f9823b98ddd2bc07de7dc83cb972fff861436fedf01a4d1c7dadadab94c26f3d25afba4d1681c8aa268c218f3218022805cb7dd0e808673eed766b3f9a4582cbe0a8260a2d3e90ccdceceaee3dfce66954ac5acacac4c02b8ea9cbb4672b2582cbe9a9b9b5bafd56acb246f596b6f5a6b6f92bc55abd596e7e6e6d68bc5e22b9293ceb96b00aeaeacac4ca651ce243ab9abd56a51d297002e9224809f0054adb51b0f1f3e6c5ebf7efd1fe9fac68d1bc1e4e4641404c15900d3003e952400f7497e373d3ddd4892a2fb16b3bcbc7c380cc332802fb07bf812bb4be531c975008facb5bf0741d002006b6d360882a3004e493a07e0e41b361d00dfb7dbedf8ca952b7fbc5731711c674646464e03f8da3937b6479336c967929e75373d24e5498e4a1ac51eb59831a60ee09be7cf9f6f96cbe54e3f71f555ce445194973423a9f88e26a1a413004eecaea25ddefcde8322c999288aea00fa7abdf1de74711c675aadd6b8b5f6523f65ffbb70ced15a7ba9d56a8df7fb2ed04f06c98761781e40a11f87fb50e8f6ddd7cdd34b8c24e672b9a3ceb90bfd38eb05e7dc855c2e77b49f3b929798cdcdcd2192e300c67d1d79304e727c737373c8d7d04b4ca3d1c86732995324537beb7a1b92994c2673aad168782f35df6536e29c3bedebc417e7dc694923be763d8b9164ba0e8ef93ae9836392467c6fae3d37ae56abd9ee8197f50ecd9faca4d16ab5eae5cb4779ce1833dacbf36b522405c69851bcaeb87ba2673161186649fa5c8b934092511886073333ed767b48d2b07f5cfd2169b8dd6e7ba5e79ec5743a9da1bffe82bd0f481ee9743a0723260cc38ca4c3fe61f587a4c361187a9d673d8b71ce053ebf2c9242f29073ce2bd9f89ee41d49a9fe877c1724bdef343d8b91542779f7204b99b7e848aabf275f03060c18f01fe24f4ffc219e6adabf7c0000000049454e44ae426082',1,1);
INSERT INTO "user" VALUES(4,'4','\x89504e470d0a1a0a0000000d49484452000000330000003308060000003aa1302a000000017352474200aece1ce90000000473424954080808087c086488000004d7494441546881ed994f6f534714c5cf99e7478c71e2471ca0690a210241ebc28624a4621359822aeab60aab6efa4dfc4dbae90aa9bba80b84f490909292e015ad50a3480e502a2ad9d4222135d833a78bb885a2a078fc5e6855f9b77a8bb973ef993f77eecc03060c1830e0ff000fa2d3388ea3e1e1e10f008c913c0200925e00a86f6d6d3d2d97cbcd83f09baa985aad96add7eb67019c077092e4a8732e0700c6981d49cf003c06f0f3d8d8d8c6d4d4542b4dffa989b977ef5e8ee46700a6257d2469688ffe45f225c95f005425fd303333b393560c268d4ee238ce909c96342f694a52167b0f142565bb6de6494ec7719c49230620253185426142d2bc73ee98a460bff692826edbf942a13091460c00b0afe3fda8542ae6cc99339f4bfa98e4a15eed481a4943ce39373131f1e0f6eddb4a1a4be299595858c807415032c684dece8d098320282d2c2ce493c601241453a9544c1886c7014424bdfbeada4461181eaf542a8907365107a55289242349c639e79d199d7394644846a5522971664d23018492fa0ea46bebbd44f7229198c5c545596bb70024d9bcb2d66e2d2e2e264e004973bc483e05b083dd19f21a1c92ae6bfb14c9060440c29921a9a5a5a526804792acaf7dd7e6d1d2d25293646231a994336b6b6b17487e2529f2e853249b92be9d9d9dfd318d3852a900b6b7b7379c73ab245f1863f61d61638c48be70cead6e6f6f6fa4110390929872b9dc6ab55a7748de95b45f4290a42d92775badd69d72b99c5ae59ce61580ababab278c319f00b808e0a4a43c5e0f9823b98ddd2bc07de7dc83cb972fff861436fedf01a4d1c7dadadab94c26f3d25afba4d1681c8aa268c218f3218022805cb7dd0e808673eed766b3f9a4582cbe0a8260a2d3e90ccdceceaee3dfce66954ac5acacac4c02b8ea9cbb4672b2582cbe9a9b9b5bafd56acb246f596b6f5a6b6f92bc55abd596e7e6e6d68bc5e22b9293ceb96b00aeaeacac4ca651ce243ab9abd56a51d297002e9224809f0054adb51b0f1f3e6c5ebf7efd1fe9fac68d1bc1e4e4641404c15900d3003e952400f7497e373d3ddd4892a2fb16b3bcbc7c380cc332802fb07bf812bb4be531c975008facb5bf0741d002006b6d360882a3004e493a07e0e41b361d00dfb7dbedf8ca952b7fbc5731711c674646464e03f8da3937b6479336c967929e75373d24e5498e4a1ac51eb59831a60ee09be7cf9f6f96cbe54e3f71f555ce445194973423a9f88e26a1a413004eecaea25ddefcde8322c999288aea00fa7abdf1de74711c675aadd6b8b5f6523f65ffbb70ced15a7ba9d56a8df7fb2ed04f06c98761781e40a11f87fb50e8f6ddd7cdd34b8c24e672b9a3ceb90bfd38eb05e7dc855c2e77b49f3b929798cdcdcd2192e300c67d1d79304e727c737373c8d7d04b4ca3d1c86732995324537beb7a1b92994c2673aad168782f35df6536e29c3bedebc417e7dc694923be763d8b9164ba0e8ef93ae9836392467c6fae3d37ae56abd9ee8197f50ecd9faca4d16ab5eae5cb4779ce1833dacbf36b522405c69851bcaeb87ba2673161186649fa5c8b934092511886073333ed767b48d2b07f5cfd2169b8dd6e7ba5e79ec5743a9da1bffe82bd0f481ee9743a0723260cc38ca4c3fe61f587a4c361187a9d673d8b71ce053ebf2c9242f29073ce2bd9f89ee41d49a9fe877c1724bdef343d8b91542779f7204b99b7e848aabf275f03060c18f01fe24f4ffc219e6adabf7c0000000049454e44ae426082',1,1);
INSERT INTO "user" VALUES(5,'5','\x89504e470d0a1a0a0000000d49484452000000330000003308060000003aa1302a000000017352474200aece1ce90000000473424954080808087c086488000004d7494441546881ed994f6f534714c5cf99e7478c71e2471ca0690a210241ebc28624a4621359822aeab60aab6efa4dfc4dbae90aa9bba80b84f490909292e015ad50a3480e502a2ad9d4222135d833a78bb885a2a078fc5e6855f9b77a8bb973ef993f77eecc03060c1830e0ff000fa2d3388ea3e1e1e10f008c913c0200925e00a86f6d6d3d2d97cbcd83f09baa985aad96add7eb67019c077092e4a8732e0700c6981d49cf003c06f0f3d8d8d8c6d4d4542b4dffa989b977ef5e8ee46700a6257d2469688ffe45f225c95f005425fd303333b393560c268d4ee238ce909c96342f694a52167b0f142565bb6de6494ec7719c49230620253185426142d2bc73ee98a460bff692826edbf942a13091460c00b0afe3fda8542ae6cc99339f4bfa98e4a15eed481a4943ce39373131f1e0f6eddb4a1a4be299595858c807415032c684dece8d098320282d2c2ce493c601241453a9544c1886c7014424bdfbeada4461181eaf542a8907365107a55289242349c639e79d199d7394644846a5522971664d23018492fa0ea46bebbd44f7229198c5c545596bb70024d9bcb2d66e2d2e2e264e004973bc483e05b083dd19f21a1c92ae6bfb14c9060440c29921a9a5a5a526804792acaf7dd7e6d1d2d25293646231a994336b6b6b17487e2529f2e853249b92be9d9d9dfd318d3852a900b6b7b7379c73ab245f1863f61d61638c48be70cead6e6f6f6fa4110390929872b9dc6ab55a7748de95b45f4290a42d92775badd69d72b99c5ae59ce61580ababab278c319f00b808e0a4a43c5e0f9823b98ddd2bc07de7dc83cb972fff861436fedf01a4d1c7dadadab94c26f3d25afba4d1681c8aa268c218f3218022805cb7dd0e808673eed766b3f9a4582cbe0a8260a2d3e90ccdceceaee3dfce66954ac5acacac4c02b8ea9cbb4672b2582cbe9a9b9b5bafd56acb246f596b6f5a6b6f92bc55abd596e7e6e6d68bc5e22b9293ceb96b00aeaeacac4ca651ce243ab9abd56a51d297002e9224809f0054adb51b0f1f3e6c5ebf7efd1fe9fac68d1bc1e4e4641404c15900d3003e952400f7497e373d3ddd4892a2fb16b3bcbc7c380cc332802fb07bf812bb4be531c975008facb5bf0741d002006b6d360882a3004e493a07e0e41b361d00dfb7dbedf8ca952b7fbc5731711c674646464e03f8da3937b6479336c967929e75373d24e5498e4a1ac51eb59831a60ee09be7cf9f6f96cbe54e3f71f555ce445194973423a9f88e26a1a413004eecaea25ddefcde8322c999288aea00fa7abdf1de74711c675aadd6b8b5f6523f65ffbb70ced15a7ba9d56a8df7fb2ed04f06c98761781e40a11f87fb50e8f6ddd7cdd34b8c24e672b9a3ceb90bfd38eb05e7dc855c2e77b49f3b929798cdcdcd2192e300c67d1d79304e727c737373c8d7d04b4ca3d1c86732995324537beb7a1b92994c2673aad168782f35df6536e29c3bedebc417e7dc694923be763d8b9164ba0e8ef93ae9836392467c6fae3d37ae56abd9ee8197f50ecd9faca4d16ab5eae5cb4779ce1833dacbf36b522405c69851bcaeb87ba2673161186649fa5c8b934092511886073333ed767b48d2b07f5cfd2169b8dd6e7ba5e79ec5743a9da1bffe82bd0f481ee9743a0723260cc38ca4c3fe61f587a4c361187a9d673d8b71ce053ebf2c9242f29073ce2bd9f89ee41d49a9fe877c1724bdef343d8b91542779f7204b99b7e848aabf275f03060c18f01fe24f4ffc219e6adabf7c0000000049454e44ae426082',1,1);
CREATE TABLE team_member(
    id SERIAL PRIMARY KEY,
    TEAM_ID INTEGER,
    USER_ID INTEGER
);CREATE TABLE team(
    id SERIAL PRIMARY KEY,
    NAME TEXT
);
CREATE TABLE activity(
    id SERIAL PRIMARY KEY,
    NAME TEXT,
    SEL_FLAG INTEGER DEFAULT 1,
    CATEGORY INTEGER DEFAULT 2
);
INSERT INTO activity VALUES(1,'Practice',1,2);
INSERT INTO activity VALUES(2,'League',1,0);
INSERT INTO activity VALUES(3,'exf',1,1);
INSERT INTO activity VALUES(4,'sy',1,0);
INSERT INTO activity VALUES(5,'zach levure',1,1);
CREATE TABLE oil(
    id SERIAL PRIMARY KEY,
    NAME TEXT
);
CREATE TABLE ball (
    id SERIAL PRIMARY KEY,
    NAME TEXT,
    THUMBNAIL BYTEA,
    WEIGHT_LB DOUBLE PRECISION DEFAULT -1,
    RG DOUBLE PRECISION DEFAULT -1,
    DIFF DOUBLE PRECISION DEFAULT -1,
    NOTE TEXT DEFAULT '',
    WEBSITE TEXT DEFAULT '',
    SHOW INTEGER DEFAULT 1
);
CREATE TABLE hcp (
    id SERIAL PRIMARY KEY,
    user_id INTEGER,
    enable INTEGER,
    auto_cal INTEGER,
    hcp INTEGER,
    basis_score INTEGER,
    factor_percent INTEGER,
    avg INTEGER
);
INSERT INTO hcp VALUES(1,1,1,1,0,210,90,0);
INSERT INTO hcp VALUES(2,2,1,1,0,210,90,0);
INSERT INTO hcp VALUES(3,3,1,1,0,210,90,0);
INSERT INTO hcp VALUES(4,4,1,1,0,210,90,0);
INSERT INTO hcp VALUES(5,5,1,1,0,210,90,0);
CREATE TABLE shoe(
    id SERIAL PRIMARY KEY,
    NAME TEXT,
    DESCRIPTION TEXT DEFAULT '',
    NOTE TEXT DEFAULT '',
    WEBSITE TEXT DEFAULT '',
    THUMBNAIL BYTEA
);
-- Update the sequence for the "user" table
SELECT setval(pg_get_serial_sequence('user', 'id'), 5);

-- Update the sequence for the "activity" table
SELECT setval(pg_get_serial_sequence('activity', 'id'), 5);

-- Update the sequence for the "build" table
SELECT setval(pg_get_serial_sequence('build', 'id'), 1);

-- Update the sequence for the "hcp" table
SELECT setval(pg_get_serial_sequence('hcp', 'id'), 5);

-- Update the sequence for the "summary" table
SELECT setval(pg_get_serial_sequence('summary', 'id'), 24);

-- Update the sequence for the "game" table
SELECT setval(pg_get_serial_sequence('game', 'id'), 21);

-- Update the sequence for the "pin" table
SELECT setval(pg_get_serial_sequence('pin', 'id'), 252);

-- Update the sequence for the "location" table
SELECT setval(pg_get_serial_sequence('location', 'id'), 2);

COMMIT;
